hoken_tokei_id,prefectures_id,age_id,gender_id,height_ave,height_sd,weight_ave,weight_sd
1,0,5,1,110.3,4.71,18.9,2.59
2,1,5,1,110.4,4.73,19.2,2.92
3,2,5,1,111.2,4.37,19.5,2.58
4,3,5,1,111.3,4.97,19.6,3.41
5,4,5,1,110.9,4.9,19.5,2.84
6,5,5,1,111.3,5.05,19.4,3.23
7,6,5,1,111.2,4.52,19.3,2.76
8,7,5,1,110.4,4.69,19.2,2.87
9,8,5,1,110,4.97,19.2,2.9
10,9,5,1,109.9,5.31,19,3.17
11,10,5,1,110.3,4.83,19,2.93
12,11,5,1,110.3,4.65,19.1,2.73
13,12,5,1,110.9,4.76,19.1,2.48
14,13,5,1,110.7,4.7,19.1,2.7
15,14,5,1,110.2,4.72,18.9,2.37
16,15,5,1,111.2,4.57,19.2,2.44
17,16,5,1,111.4,5.08,19.4,3.21
18,17,5,1,111,4.9,19.1,2.81
19,18,5,1,110.6,4.74,19.1,2.6
20,19,5,1,109.7,4.97,18.7,2.44
21,20,5,1,110.1,4.72,18.5,2.39
22,21,5,1,110.4,4.91,18.9,2.68
23,22,5,1,110.2,4.63,18.8,2.57
24,23,5,1,110.2,4.53,18.8,2.33
25,24,5,1,110.1,4.81,18.8,2.45
26,25,5,1,110.3,4.65,18.6,2.36
27,26,5,1,109.7,4.56,18.4,2.27
28,27,5,1,110.3,4.47,18.7,2.32
29,28,5,1,110.3,4.56,18.7,2.25
30,29,5,1,109.9,4.6,18.7,2.45
31,30,5,1,110.1,4.46,19,2.9
32,31,5,1,110.4,4.49,18.4,2.16
33,32,5,1,109.9,4.66,18.4,2.25
34,33,5,1,109.9,4.81,18.7,2.43
35,34,5,1,109.6,4.81,18.7,2.56
36,35,5,1,110.3,4.59,19,2.58
37,36,5,1,110.3,4.75,19.1,2.66
38,37,5,1,110.1,4.76,19.1,2.65
39,38,5,1,109.8,4.62,18.7,2.46
40,39,5,1,110.1,4.69,18.8,2.4
41,40,5,1,109.5,4.54,18.7,2.52
42,41,5,1,110,4.85,19,2.71
43,42,5,1,109.8,4.96,19,2.64
44,43,5,1,110.3,4.71,18.9,2.62
45,44,5,1,109.3,4.92,18.5,2.52
46,45,5,1,109.5,4.5,18.9,2.4
47,46,5,1,109.7,4.6,18.8,2.49
48,47,5,1,109,4.92,18.4,2.55
49,0,5,2,109.4,4.7,18.6,2.56
50,1,5,2,109.1,4.81,18.4,2.64
51,2,5,2,110.6,4.8,19.4,2.99
52,3,5,2,110,4.57,18.7,2.73
53,4,5,2,109.6,4.46,18.8,2.56
54,5,5,2,110.4,4.59,19.1,3.07
55,6,5,2,110.4,4.82,19,2.79
56,7,5,2,109.6,4.64,18.9,3.09
57,8,5,2,109.2,4.85,18.7,2.82
58,9,5,2,108.9,4.53,18.4,2.38
59,10,5,2,109.8,4.34,18.8,2.55
60,11,5,2,109.4,4.63,18.8,2.66
61,12,5,2,109.7,4.72,18.8,2.47
62,13,5,2,109.6,4.54,18.7,2.37
63,14,5,2,109.4,4.78,18.6,2.57
64,15,5,2,110.6,4.59,18.9,2.83
65,16,5,2,109.9,4.49,18.7,2.38
66,17,5,2,110.6,4.75,19,2.95
67,18,5,2,110.1,4.5,18.7,2.22
68,19,5,2,109.4,4.66,18.6,2.43
69,20,5,2,109.3,4.74,18.2,2.35
70,21,5,2,109.1,4.67,18.4,2.49
71,22,5,2,109.6,4.69,18.6,2.64
72,23,5,2,109.1,4.84,18.5,2.5
73,24,5,2,109.6,4.54,18.6,2.54
74,25,5,2,109.8,4.65,18.5,2.39
75,26,5,2,109.5,4.64,18.3,2.42
76,27,5,2,109.5,4.74,18.5,2.6
77,28,5,2,109.4,4.68,18.5,2.48
78,29,5,2,109.4,4.47,18.6,2.51
79,30,5,2,109.1,4.52,18.4,2.41
80,31,5,2,109.4,4.66,18.3,2.28
81,32,5,2,109.5,4.23,18.6,2.44
82,33,5,2,109,4.42,18.4,2.4
83,34,5,2,109.1,4.7,18.4,2.47
84,35,5,2,109.3,4.82,18.6,2.53
85,36,5,2,109.4,4.5,18.7,2.57
86,37,5,2,109.7,4.61,18.9,2.45
87,38,5,2,109,4.54,18.3,2.56
88,39,5,2,109.2,4.98,18.3,2.47
89,40,5,2,108.7,4.66,18.3,2.32
90,41,5,2,109.5,5.11,18.6,2.75
91,42,5,2,108.8,4.91,18.4,2.78
92,43,5,2,109.4,4.78,18.7,2.59
93,44,5,2,109.4,4.59,18.7,2.97
94,45,5,2,108.8,4.7,18.5,2.55
95,46,5,2,109,4.6,18.4,2.32
96,47,5,2,108.5,5.01,18.2,2.51
97,0,6,1,116.5,4.94,21.4,3.42
98,1,6,1,116.7,4.83,22,3.88
99,2,6,1,117.8,4.6,22.6,4.13
100,3,6,1,117.2,4.88,22.1,3.48
101,4,6,1,116.9,4.78,21.8,3.77
102,5,6,1,117.5,4.77,22.4,4.17
103,6,6,1,116.8,4.99,21.8,3.76
104,7,6,1,116.8,4.85,21.8,3.66
105,8,6,1,116.4,5.15,21.6,3.47
106,9,6,1,116.1,4.82,21.4,3.34
107,10,6,1,116.8,4.7,21.5,2.96
108,11,6,1,116.9,5.31,21.6,3.93
109,12,6,1,116.8,4.9,21.5,3.64
110,13,6,1,117,5.09,21.6,3.36
111,14,6,1,116.7,4.95,21.1,3.1
112,15,6,1,116.4,5.03,21.4,3.43
113,16,6,1,117.1,4.99,21.8,3.91
114,17,6,1,116.8,4.86,21.5,3.28
115,18,6,1,117.2,4.77,21.7,3.19
116,19,6,1,116.2,4.86,21.5,3.63
117,20,6,1,116.5,4.95,21.4,3.32
118,21,6,1,116.4,4.86,21.1,3.06
119,22,6,1,116.4,4.87,21.4,3.07
120,23,6,1,116.2,4.75,21.2,3.3
121,24,6,1,116.6,4.93,21.2,3.27
122,25,6,1,116.7,5.18,21.3,3.27
123,26,6,1,116.6,4.87,21.1,3.29
124,27,6,1,116.4,4.77,21.2,3.13
125,28,6,1,116.4,5.14,21.2,3.48
126,29,6,1,116.5,4.98,21.5,3.62
127,30,6,1,116.8,5.31,21.5,3.41
128,31,6,1,116.3,4.72,21.3,3.3
129,32,6,1,116.3,4.66,21.2,3
130,33,6,1,116.1,4.7,21,3.21
131,34,6,1,115.6,5.03,21,3.61
132,35,6,1,115.6,4.77,21,2.83
133,36,6,1,116.4,5.17,21.7,3.73
134,37,6,1,116,5.02,21.1,3.24
135,38,6,1,115.9,4.86,21.3,3.33
136,39,6,1,115.7,4.52,21.2,3.21
137,40,6,1,116.5,4.8,21.3,3.29
138,41,6,1,116.4,5.01,21.4,3.08
139,42,6,1,116.3,4.69,21.5,3.07
140,43,6,1,116.6,4.63,21.7,3.66
141,44,6,1,115.5,5,21.2,3.38
142,45,6,1,116.2,4.57,21.5,3.25
143,46,6,1,115.6,4.76,21.2,3.68
144,47,6,1,115.6,4.85,21.1,3.11
145,0,6,2,115.6,4.92,20.9,3.27
146,1,6,2,115.9,5.27,21.3,3.92
147,2,6,2,116.5,5.09,21.8,3.98
148,3,6,2,116.1,4.66,21.6,3.33
149,4,6,2,115.5,4.83,21.3,3.43
150,5,6,2,116.8,5.04,21.7,3.56
151,6,6,2,116.2,4.84,21.6,3.61
152,7,6,2,115.7,4.43,21.3,3.41
153,8,6,2,115.4,4.95,21.1,3.5
154,9,6,2,116.3,5,21.7,3.67
155,10,6,2,115.7,4.95,21.3,3.3
156,11,6,2,115.6,5.14,20.8,3.1
157,12,6,2,115.9,4.77,21,3.42
158,13,6,2,116.1,4.92,21,3.04
159,14,6,2,115.6,4.58,20.6,2.87
160,15,6,2,116.4,4.98,21.1,3.19
161,16,6,2,115.8,4.7,21,3.08
162,17,6,2,116,5.03,20.9,3.07
163,18,6,2,115.8,4.93,21.2,3.1
164,19,6,2,115.6,5.04,20.9,3.4
165,20,6,2,115.1,4.81,20.3,2.73
166,21,6,2,115.4,4.65,20.8,3.12
167,22,6,2,115.3,4.83,21,3.68
168,23,6,2,115.4,4.95,20.8,3.34
169,24,6,2,115.5,4.76,20.9,2.9
170,25,6,2,115.5,4.76,20.6,2.91
171,26,6,2,115.4,4.92,20.8,3.15
172,27,6,2,115.4,5.07,20.7,3.32
173,28,6,2,115.4,4.97,20.6,2.96
174,29,6,2,115.5,4.85,20.9,3.14
175,30,6,2,115.2,4.77,21.2,3.23
176,31,6,2,115.5,4.91,20.9,3.07
177,32,6,2,115.6,5.12,20.9,3.15
178,33,6,2,115.5,4.85,21.2,3.67
179,34,6,2,114.8,4.71,20.6,2.84
180,35,6,2,114.9,5.24,20.9,3.58
181,36,6,2,115.3,4.82,21,3.18
182,37,6,2,115.6,4.8,21.3,3.28
183,38,6,2,114.9,4.6,20.6,3.02
184,39,6,2,114.9,4.98,20.7,3.33
185,40,6,2,115.4,4.85,20.9,3.26
186,41,6,2,115.9,5.12,21.4,3.35
187,42,6,2,115.6,4.97,21.2,3.38
188,43,6,2,115.3,5.02,21.1,3.33
189,44,6,2,115.5,5.14,21.4,3.86
190,45,6,2,115.9,4.58,21.4,3.39
191,46,6,2,114.5,4.66,20.5,3.11
192,47,6,2,114.8,4.84,21,3.41
193,0,7,1,122.6,5.2,24.2,4.21
194,1,7,1,122.5,4.94,24.4,4.29
195,2,7,1,123.4,5.39,25.1,4.92
196,3,7,1,123.1,5.2,25.1,4.86
197,4,7,1,122.6,5.23,24.2,4.13
198,5,7,1,123.4,5.4,25.1,4.77
199,6,7,1,123.4,4.84,24.9,4.51
200,7,7,1,122.4,5.16,24.5,4.24
201,8,7,1,122.5,5.22,24.6,4.57
202,9,7,1,122.5,5.41,24.5,4.98
203,10,7,1,122.1,4.9,24.1,3.94
204,11,7,1,122.6,5.02,24.2,4.16
205,12,7,1,122.8,5.14,24.1,3.8
206,13,7,1,123.2,5.26,24.5,4.04
207,14,7,1,122.9,5,23.9,3.95
208,15,7,1,123.4,5.37,24.5,4.27
209,16,7,1,123.1,5.08,24.7,4.01
210,17,7,1,122.8,5.21,24.3,4.24
211,18,7,1,122.7,5.58,24.4,4.23
212,19,7,1,122.7,5.33,24.3,4
213,20,7,1,123,5.5,24.3,4.07
214,21,7,1,122.1,5.34,24.2,4.29
215,22,7,1,122.1,5.27,24,4.14
216,23,7,1,122.5,5.35,24.3,4.49
217,24,7,1,122.4,5.39,24.3,4.46
218,25,7,1,122.5,4.85,24,3.64
219,26,7,1,122.8,5.04,23.8,3.87
220,27,7,1,122.6,5.38,24.1,4.75
221,28,7,1,122.6,5.13,23.8,3.57
222,29,7,1,122.6,5.1,24.3,4.24
223,30,7,1,122.1,4.93,23.9,4.06
224,31,7,1,122.5,5.18,24.3,4.18
225,32,7,1,121.7,5.15,24,4.28
226,33,7,1,122.5,5.11,24.4,4.2
227,34,7,1,121.6,5.01,23.5,3.59
228,35,7,1,121.6,5.46,23.8,4.11
229,36,7,1,122.7,4.9,24.6,4.38
230,37,7,1,122.5,5.14,24.1,3.94
231,38,7,1,122.1,5.34,23.9,4.17
232,39,7,1,121.9,4.89,24,4.21
233,40,7,1,122.4,5.12,24.1,3.96
234,41,7,1,122.3,5.35,24,4.19
235,42,7,1,122.1,4.96,24.4,4.83
236,43,7,1,122.5,5.05,24.4,4.27
237,44,7,1,121.7,5.15,23.9,4.2
238,45,7,1,122.5,4.86,24.5,4.19
239,46,7,1,121.4,5.18,23.8,4.24
240,47,7,1,121.9,5.13,24.4,4.66
241,0,7,2,121.4,5.14,23.5,3.85
242,1,7,2,121.6,5,23.6,4.01
243,2,7,2,122.4,4.89,24.2,4.08
244,3,7,2,121.9,5.17,24.1,4.18
245,4,7,2,121.4,5.27,23.7,4.22
246,5,7,2,122.5,5.32,24.6,4.68
247,6,7,2,122.1,5.12,24.1,3.92
248,7,7,2,121.9,5.26,24,4.25
249,8,7,2,121.7,5.42,23.6,4.18
250,9,7,2,121.3,4.96,23.8,3.95
251,10,7,2,121.1,5.24,23.7,4.16
252,11,7,2,121.4,5.35,23.5,3.93
253,12,7,2,122.1,5.02,23.5,3.69
254,13,7,2,121.8,5.08,23.4,3.33
255,14,7,2,121.5,5.11,23.4,3.79
256,15,7,2,122.2,5.49,23.9,4.09
257,16,7,2,121.5,5.08,23.5,4.11
258,17,7,2,121.9,5.06,23.5,3.8
259,18,7,2,121.2,4.82,23.3,3.66
260,19,7,2,121.2,5.09,23.3,3.83
261,20,7,2,121.3,5.16,23.3,3.6
262,21,7,2,121.5,4.98,23.4,3.71
263,22,7,2,121.7,5.12,23.9,4.18
264,23,7,2,121.1,5.23,23.2,3.78
265,24,7,2,121.7,5.3,23.6,4.01
266,25,7,2,121,4.86,23.2,3.52
267,26,7,2,121.1,4.83,23.3,3.54
268,27,7,2,121.5,5.16,23.5,3.97
269,28,7,2,121.2,4.91,23.3,3.73
270,29,7,2,121.4,5.21,23.4,4.2
271,30,7,2,121.3,5.16,23.6,3.65
272,31,7,2,121.7,5.26,23.7,4
273,32,7,2,121,4.97,23.4,3.43
274,33,7,2,121,5.32,23.5,3.61
275,34,7,2,120.8,5.18,23.3,3.89
276,35,7,2,120.9,5.15,23.1,3.8
277,36,7,2,121.8,5.24,23.7,3.82
278,37,7,2,121.4,5.12,23.6,3.96
279,38,7,2,120.9,4.89,23.3,3.8
280,39,7,2,121.1,4.97,23.5,3.68
281,40,7,2,121.2,4.85,23.4,3.63
282,41,7,2,121.3,4.8,23.5,3.77
283,42,7,2,121.2,4.94,23.5,3.53
284,43,7,2,121.3,5.44,23.9,4.17
285,44,7,2,121.2,5.4,23.6,4.23
286,45,7,2,121.3,5.21,23.7,3.93
287,46,7,2,120.8,4.95,23.5,4.14
288,47,7,2,120.8,5.51,23.4,4.36
289,0,8,1,128.1,5.41,27.3,5.12
290,1,8,1,128.1,5.33,27.7,5.35
291,2,8,1,129.2,5.63,29.1,6.86
292,3,8,1,128.8,5.13,28.2,5.43
293,4,8,1,128.5,5.01,27.7,5.24
294,5,8,1,129.3,5.13,28.5,5.63
295,6,8,1,129,4.95,28.1,5.45
296,7,8,1,128.7,5.08,28.2,5.75
297,8,8,1,128.4,5.68,27.8,6.21
298,9,8,1,127.8,5.86,27.8,5.95
299,10,8,1,128.5,5.15,28.1,5.84
300,11,8,1,128.4,5.34,27.2,4.71
301,12,8,1,128.7,5.82,27.5,5.05
302,13,8,1,128.6,5.31,27.4,4.84
303,14,8,1,128.1,5.49,26.9,4.89
304,15,8,1,129.1,5.16,27.8,4.96
305,16,8,1,128.1,5.33,27.3,4.87
306,17,8,1,128.1,4.87,26.9,4.31
307,18,8,1,128.7,5.51,27.6,5.31
308,19,8,1,128.2,5.29,27.7,6.07
309,20,8,1,127.7,5.56,27.2,5.73
310,21,8,1,128.1,5.38,27.2,5.05
311,22,8,1,127.8,5.4,27.2,5.08
312,23,8,1,127.8,5.32,27,5.24
313,24,8,1,128,5.28,27.2,4.63
314,25,8,1,128.2,5.66,27.1,5.39
315,26,8,1,128.1,5.4,26.7,4.61
316,27,8,1,127.7,5.15,26.7,4.43
317,28,8,1,128,5.39,26.8,4.77
318,29,8,1,128.5,5.21,27.4,5.11
319,30,8,1,128.4,5.4,27.8,5.63
320,31,8,1,127.9,5.73,26.9,5.43
321,32,8,1,127.9,5.37,26.9,4.56
322,33,8,1,127.5,5.26,26.8,4.89
323,34,8,1,127.8,5.67,27.6,5.45
324,35,8,1,127.6,5.21,26.7,4.49
325,36,8,1,128.3,5.28,27.8,5.47
326,37,8,1,127.2,5.44,26.8,4.83
327,38,8,1,127.3,5.41,26.8,5.01
328,39,8,1,127.4,5.28,27.3,5.07
329,40,8,1,127.6,5.5,26.9,4.97
330,41,8,1,127.8,5.21,27.4,5.2
331,42,8,1,127.8,5.4,27.3,4.96
332,43,8,1,127.7,5.36,27.7,5.49
333,44,8,1,127,5.57,27,5.42
334,45,8,1,127.9,5.6,27.7,5.71
335,46,8,1,127.9,5.48,27.3,5.18
336,47,8,1,126.8,5.35,26.7,5.27
337,0,8,2,127.3,5.55,26.5,4.75
338,1,8,2,127.4,5.77,26.8,5.67
339,2,8,2,128.8,5.93,28.2,5.76
340,3,8,2,127.5,5.04,27.2,5.25
341,4,8,2,127.7,5.54,26.9,5.22
342,5,8,2,128.2,5.54,27.6,4.95
343,6,8,2,128.3,5.76,27.6,5.21
344,7,8,2,127.8,5.57,27.2,5.01
345,8,8,2,127.7,5.85,27.1,5.45
346,9,8,2,127.4,5.54,27.4,5.36
347,10,8,2,127.3,5.62,26.8,4.79
348,11,8,2,127.3,5.48,26.5,4.64
349,12,8,2,127.6,5.33,26.3,4.23
350,13,8,2,127.6,5.7,26.5,4.54
351,14,8,2,126.9,5.16,26,4.07
352,15,8,2,128.4,5.54,26.8,4.73
353,16,8,2,128.1,5.67,27.1,4.93
354,17,8,2,127.7,5.2,26.8,4.36
355,18,8,2,127.8,5.52,26.8,4.58
356,19,8,2,127.5,5.28,26.9,4.79
357,20,8,2,127.1,5.55,26.1,4.46
358,21,8,2,127.3,5.61,27,5.57
359,22,8,2,127.5,5.66,26.9,5.03
360,23,8,2,127.1,5.58,26.2,4.89
361,24,8,2,127.7,5.27,26.8,4.74
362,25,8,2,127,5.23,25.9,3.99
363,26,8,2,126.8,5.53,25.8,4.38
364,27,8,2,127.1,5.64,26.3,4.38
365,28,8,2,127.5,5.4,26.5,4.46
366,29,8,2,127.3,5.28,26.6,4.72
367,30,8,2,127.2,5.34,26.7,4.98
368,31,8,2,127.3,5.67,26.5,4.56
369,32,8,2,126.6,5.77,26.1,4.28
370,33,8,2,126.8,5.42,26,4.38
371,34,8,2,126.9,5.41,26.4,4.34
372,35,8,2,126.9,5.55,26.5,4.86
373,36,8,2,127,5.92,26.8,5.32
374,37,8,2,127.1,5.39,26.6,4.71
375,38,8,2,126.4,5.47,25.9,4.38
376,39,8,2,127,5.77,26.7,5.12
377,40,8,2,127,5.5,26.5,4.99
378,41,8,2,127.3,5.5,26.8,5.03
379,42,8,2,126.9,5.59,26.6,5.01
380,43,8,2,126.9,5.73,26.7,5.05
381,44,8,2,127.1,5.62,26.9,5.23
382,45,8,2,126.6,5.31,26.5,4.72
383,46,8,2,126.5,5.88,26.1,4.76
384,47,8,2,126.9,5.75,26.9,4.8
385,0,9,1,133.5,5.73,30.7,6.37
386,1,9,1,134.2,5.7,31.9,7.08
387,2,9,1,134.2,5.41,32.1,7.29
388,3,9,1,134.1,5.66,32.1,6.84
389,4,9,1,133.9,6.13,31.7,7.05
390,5,9,1,134.4,5.61,31.9,7.06
391,6,9,1,134.7,5.6,32.1,7.1
392,7,9,1,133.7,5.57,31.4,6.84
393,8,9,1,133.4,6.03,31.6,7.08
394,9,9,1,133.4,5.79,30.8,6.62
395,10,9,1,134.5,6.23,31.3,6.72
396,11,9,1,133.2,5.62,30.7,6.23
397,12,9,1,134.1,5.56,31.2,7.03
398,13,9,1,133.9,5.8,30.6,6.09
399,14,9,1,133.5,5.31,30.6,5.87
400,15,9,1,134,5.66,31.2,6.06
401,16,9,1,134.2,5.98,31.6,7.03
402,17,9,1,133.6,5.42,30.5,6
403,18,9,1,133.8,5.6,30.4,5.35
404,19,9,1,133.6,5.69,30.9,6.38
405,20,9,1,133,5.69,30.1,5.85
406,21,9,1,133.4,5.92,30.7,6.64
407,22,9,1,133.6,6.27,30.7,6.57
408,23,9,1,133.1,5.49,30.2,6.01
409,24,9,1,133.5,5.66,30.5,5.84
410,25,9,1,133.7,5.62,30.1,5.82
411,26,9,1,133.4,5.68,30.1,5.78
412,27,9,1,133.2,5.97,30.3,6.4
413,28,9,1,133.5,5.81,30.2,6.19
414,29,9,1,134,5.84,31.1,6.26
415,30,9,1,133.2,5.57,30.9,6.39
416,31,9,1,133.4,5.3,30.5,6.2
417,32,9,1,133.1,5.56,29.8,5.32
418,33,9,1,132.8,5.46,30.2,5.57
419,34,9,1,132.9,5.57,30.2,5.56
420,35,9,1,132.7,5.67,30.3,6.15
421,36,9,1,133.6,5.71,31.5,6.77
422,37,9,1,132.8,5.9,30.2,6
423,38,9,1,132.3,5.99,30.1,6.35
424,39,9,1,132.8,5.18,30.6,6.35
425,40,9,1,133,5.77,30.6,6.65
426,41,9,1,133.3,5.47,30.7,5.94
427,42,9,1,133.1,5.67,30.5,5.92
428,43,9,1,133.3,5.54,31.1,6.55
429,44,9,1,133,6.21,30.5,6.65
430,45,9,1,133.7,5.95,31.4,6.93
431,46,9,1,132.7,5.76,30.5,6.68
432,47,9,1,132.8,5.43,30.6,6.09
433,0,9,2,133.4,6.16,30,5.86
434,1,9,2,133.8,6.26,31.1,6.75
435,2,9,2,134.6,6.18,31.5,6.29
436,3,9,2,134.4,6.35,31.5,6.66
437,4,9,2,134.2,5.72,30.6,5.63
438,5,9,2,135.2,6.11,31.7,6.07
439,6,9,2,134.3,5.73,31.5,6.41
440,7,9,2,133.4,5.76,30.7,5.77
441,8,9,2,133,6.55,30.2,6.38
442,9,9,2,133.2,6.38,30.5,6.61
443,10,9,2,133.5,5.99,30.2,5.91
444,11,9,2,133.7,6.29,30.4,6.01
445,12,9,2,134,6.18,29.9,5.55
446,13,9,2,133.4,5.95,29.8,5.17
447,14,9,2,133.3,5.95,29.8,5.6
448,15,9,2,134.5,6.2,30.5,5.91
449,16,9,2,134.1,6.39,30.4,5.95
450,17,9,2,133.9,5.97,30.3,6.05
451,18,9,2,133.9,6.38,30.3,5.93
452,19,9,2,133.3,6,30.1,5.75
453,20,9,2,133.4,6.16,29.9,5.85
454,21,9,2,133.2,6.46,29.6,5.48
455,22,9,2,132.9,6.1,29.8,5.84
456,23,9,2,132.9,6.26,29.7,6.11
457,24,9,2,133.1,6.16,29.8,5.63
458,25,9,2,133.2,5.85,29.3,5.15
459,26,9,2,133,6.17,29.4,5.38
460,27,9,2,133.2,6.08,29.7,5.83
461,28,9,2,133.1,5.91,29.2,5.08
462,29,9,2,133.7,5.9,30,5.43
463,30,9,2,133.8,6.48,30.8,6.67
464,31,9,2,133.9,6.19,30.6,5.99
465,32,9,2,133.5,6.5,30.6,6.61
466,33,9,2,132.8,6.38,30,6.28
467,34,9,2,132.9,6.6,29.9,5.7
468,35,9,2,132.6,6.34,29.7,6
469,36,9,2,133.5,6.31,30.4,6.35
470,37,9,2,132.9,6.1,29.9,6.14
471,38,9,2,132.9,6.45,29.8,6.18
472,39,9,2,133.2,5.76,30,5.59
473,40,9,2,133.5,6.23,29.8,5.79
474,41,9,2,133.1,5.89,30.2,5.92
475,42,9,2,133.1,5.92,30.3,6.22
476,43,9,2,133.8,6.21,30.7,5.61
477,44,9,2,133.3,6.08,30.4,6.44
478,45,9,2,133,6.22,30,5.79
479,46,9,2,132.8,6.16,30.2,6.18
480,47,9,2,133.1,6.22,30.5,6.26
481,0,10,1,139,6.07,34.4,7.43
482,1,10,1,139.6,6.28,36.2,8.84
483,2,10,1,140.2,6.25,35.7,8.03
484,3,10,1,139.7,6.1,35.7,7.66
485,4,10,1,139.3,6.11,35.4,7.73
486,5,10,1,140.6,6.24,36,8.4
487,6,10,1,139.2,6.27,35.4,7.59
488,7,10,1,139.1,5.87,35.1,8.03
489,8,10,1,139.1,6.13,34.8,7.71
490,9,10,1,139.4,6.1,35.4,8.38
491,10,10,1,139.1,6.32,34.9,7.75
492,11,10,1,139.5,5.87,34.8,7.32
493,12,10,1,138.9,5.82,34.1,7.08
494,13,10,1,139.8,6.27,34.9,7.32
495,14,10,1,139.3,5.65,34.2,7.31
496,15,10,1,139.9,6.03,35.1,7.32
497,16,10,1,139.5,5.78,34.7,7.21
498,17,10,1,139.8,5.85,35.1,7.21
499,18,10,1,138.6,5.82,33.6,6.57
500,19,10,1,139.1,6.03,34.7,7.77
501,20,10,1,138.4,5.79,33.8,6.74
502,21,10,1,139.1,5.96,34.4,7.31
503,22,10,1,138.5,5.88,33.3,6.98
504,23,10,1,138.4,6.17,33.4,7.35
505,24,10,1,139.1,6.37,34.7,8.15
506,25,10,1,139.4,5.74,33.7,6.64
507,26,10,1,139.1,6.16,34.2,7.32
508,27,10,1,139,6.41,34.3,7.52
509,28,10,1,138.7,5.95,33.4,6.46
510,29,10,1,139.3,5.59,34,6.15
511,30,10,1,138.7,6.05,34.3,7.73
512,31,10,1,139.1,5.98,34.1,6.84
513,32,10,1,138.3,6.27,33.3,6.42
514,33,10,1,138.9,5.66,34.2,7.08
515,34,10,1,137.9,5.84,33.6,7.1
516,35,10,1,138.4,6.49,33.7,7.4
517,36,10,1,138.6,6.25,35.1,8.17
518,37,10,1,138.7,5.87,34.6,7.71
519,38,10,1,138.4,5.98,34,6.92
520,39,10,1,138.8,6.14,35.4,7.92
521,40,10,1,138.1,6.06,33.9,7.29
522,41,10,1,138.6,5.71,34.1,6.62
523,42,10,1,138.1,5.94,33.8,7.1
524,43,10,1,139.1,5.79,34.9,7.61
525,44,10,1,138.2,6.26,34.3,7.26
526,45,10,1,138,5.79,34,7.19
527,46,10,1,138.2,6.24,33.9,7.41
528,47,10,1,138.5,5.93,34.7,7.92
529,0,10,2,140.2,6.8,34.2,6.99
530,1,10,2,140.4,7.1,35.1,6.97
531,2,10,2,141.8,6.6,36.1,7.35
532,3,10,2,140.9,6.72,35.2,7
533,4,10,2,141.2,6.87,35.5,7.92
534,5,10,2,141.9,7.12,35.9,7.48
535,6,10,2,141.1,6.83,35.3,7.37
536,7,10,2,140.5,6.73,34.5,7.59
537,8,10,2,140.4,7.11,34.5,6.83
538,9,10,2,140.1,6.59,34.2,6.88
539,10,10,2,140.5,6.37,35.3,7.54
540,11,10,2,140.7,6.89,34.4,6.93
541,12,10,2,140.2,7.04,33.9,6.96
542,13,10,2,140.6,6.49,34.3,6.6
543,14,10,2,139.5,6.43,33.3,6.55
544,15,10,2,140.7,7.08,34.7,7.19
545,16,10,2,140.7,6.46,34.6,6.47
546,17,10,2,140.9,6.63,34.6,6.53
547,18,10,2,140.2,6.7,33.8,6.36
548,19,10,2,139.7,6.49,33.7,6.43
549,20,10,2,139.4,6.63,33.4,6.56
550,21,10,2,140.2,6.94,34.2,6.98
551,22,10,2,139.9,7.08,33.9,7.39
552,23,10,2,140.4,7.09,34.4,8.03
553,24,10,2,140.2,6.98,34,6.7
554,25,10,2,140.1,6.87,33.5,6.3
555,26,10,2,140.2,6.44,33.8,6.47
556,27,10,2,140.3,6.68,33.9,7.01
557,28,10,2,140.4,6.58,33.9,6.58
558,29,10,2,140,7.06,34.1,7.21
559,30,10,2,139.9,6.54,34.4,6.69
560,31,10,2,140.4,7.1,34,6.8
561,32,10,2,139.8,6.51,33.6,6.25
562,33,10,2,139.6,7.26,33.9,6.77
563,34,10,2,139.1,6.68,33.6,6.51
564,35,10,2,138.7,6.51,32.9,6.13
565,36,10,2,140.4,6.73,34.4,7.59
566,37,10,2,138.7,6.66,33.5,7.35
567,38,10,2,139.8,7.02,33.9,6.67
568,39,10,2,139.8,6.65,34.7,6.76
569,40,10,2,140,6.86,34.5,7.05
570,41,10,2,140.2,6.71,34.5,6.71
571,42,10,2,139.8,6.67,34.1,6.7
572,43,10,2,139.5,7.01,34,6.42
573,44,10,2,139.1,6.59,33.8,6.81
574,45,10,2,140,6.56,34.8,7.42
575,46,10,2,139.7,7,33.9,7.31
576,47,10,2,140.8,6.79,35.3,7.42
577,0,11,1,145.2,7.13,38.7,8.62
578,1,11,1,145.9,7.4,40.3,9.64
579,2,11,1,146.2,6.83,40.2,9.62
580,3,11,1,145.5,7.23,39.9,9.42
581,4,11,1,145.9,6.99,40.1,9.05
582,5,11,1,147,7.5,41,9.53
583,6,11,1,146.6,7.67,40.2,9.18
584,7,11,1,145.5,7.22,40.4,9.6
585,8,11,1,145,7.33,39.5,9.42
586,9,11,1,144.6,7.06,39,9.41
587,10,11,1,144.8,6.85,39,9.13
588,11,11,1,144.8,7.01,38.2,8.29
589,12,11,1,145.8,7.36,39.1,9.39
590,13,11,1,145.6,6.85,38.9,8.31
591,14,11,1,146.1,7.17,38.5,8.03
592,15,11,1,146.6,7.19,39.5,8.41
593,16,11,1,145.7,7.46,38.9,8.51
594,17,11,1,146.1,7.05,39.1,8.21
595,18,11,1,145.5,7.1,38.6,8.09
596,19,11,1,146,7.31,39.1,8.89
597,20,11,1,145,6.88,38.4,8.39
598,21,11,1,145,7.22,38.4,9.57
599,22,11,1,144.8,7.04,38.3,8.77
600,23,11,1,144.9,7.24,38.4,8.5
601,24,11,1,145,6.88,38.9,8.58
602,25,11,1,144.8,7.26,37.6,8.51
603,26,11,1,145.1,7.35,37.8,8.14
604,27,11,1,145.2,7.09,38.3,8.32
605,28,11,1,145,7.07,38.2,8.11
606,29,11,1,144.7,6.77,38.2,8.29
607,30,11,1,145.7,6.83,39,8.76
608,31,11,1,145.3,7.2,37.8,7.72
609,32,11,1,145.5,6.94,38.1,7.74
610,33,11,1,144.3,6.85,37.3,7.13
611,34,11,1,144.4,6.72,38.1,7.71
612,35,11,1,143.8,7.51,37.1,8.2
613,36,11,1,145.4,7.08,39.8,9.39
614,37,11,1,145.2,7.24,39.6,8.84
615,38,11,1,144.5,7.01,37.9,8.57
616,39,11,1,145.2,6.83,39.1,7.81
617,40,11,1,144.8,7.04,38.4,8.42
618,41,11,1,145.2,7.19,39.5,8.96
619,42,11,1,144.7,7.19,38.2,7.98
620,43,11,1,144.8,7.68,38.5,9.22
621,44,11,1,144.8,6.47,39.4,9.45
622,45,11,1,144.8,6.67,38.9,7.54
623,46,11,1,145.3,7.1,39.3,9.3
624,47,11,1,144,7.06,38,8.32
625,0,11,2,146.6,6.59,39,7.75
626,1,11,2,147.3,6.5,40.3,7.86
627,2,11,2,147.8,6.18,40.3,7.83
628,3,11,2,147.7,6.61,41.5,8.55
629,4,11,2,146.9,6.93,39.5,8.42
630,5,11,2,147.8,6.39,40.6,8.22
631,6,11,2,147,6.33,39.5,7.65
632,7,11,2,147.2,6.55,40.3,8.15
633,8,11,2,146.9,6.54,39.7,7.79
634,9,11,2,146.9,6.64,40.3,8.41
635,10,11,2,146.5,6.72,39.1,7.77
636,11,11,2,146.7,6.34,39,7.41
637,12,11,2,146.7,6.46,38.6,7.48
638,13,11,2,146.9,6.64,38.7,7.79
639,14,11,2,146.4,6.21,38.2,7.16
640,15,11,2,147,6.79,39.7,9.04
641,16,11,2,147.5,6.33,39.5,7.25
642,17,11,2,146.7,6.15,38.7,7.59
643,18,11,2,146.9,6.35,38.8,7.55
644,19,11,2,146.4,6.52,38.8,7.72
645,20,11,2,146.2,6.54,38.3,7.47
646,21,11,2,146.6,6.72,38.6,7.6
647,22,11,2,146.8,6.67,39,7.61
648,23,11,2,146.4,6.63,38.2,7.59
649,24,11,2,145.9,6.56,38.1,7.35
650,25,11,2,147,6.56,38.6,7.42
651,26,11,2,147,6.51,38.7,7.15
652,27,11,2,146.7,6.93,38.8,7.84
653,28,11,2,146.2,6.56,38.1,7.27
654,29,11,2,146.2,6.47,38.4,7.65
655,30,11,2,146.1,6.88,39.5,7.59
656,31,11,2,146.9,6.45,39.1,7.36
657,32,11,2,146.3,6.79,38.6,7.12
658,33,11,2,145.9,6.61,38.5,7.77
659,34,11,2,145.5,6.94,38.7,7.73
660,35,11,2,146.1,7.12,39.3,8.35
661,36,11,2,146.8,6.79,40.3,9.28
662,37,11,2,146.8,6.52,39.2,7.07
663,38,11,2,146.4,6.54,38.9,7.74
664,39,11,2,146.5,6.32,39.8,7.32
665,40,11,2,146.3,6.52,38.7,7.82
666,41,11,2,146.6,6.7,39.9,7.9
667,42,11,2,146.7,6.58,39.4,7.57
668,43,11,2,146.6,6.58,39.4,7.85
669,44,11,2,146.5,6.44,40.2,8.09
670,45,11,2,146.4,6.51,39.8,8.71
671,46,11,2,146.6,6.3,39.9,8.04
672,47,11,2,146.6,6.6,39.8,8.38
673,0,12,1,152.8,8.03,44.2,9.93
674,1,12,1,154,8.35,46.4,10.8
675,2,12,1,153.7,7.84,45.7,10.28
676,3,12,1,153.9,8.07,46,10.43
677,4,12,1,153.4,8.17,46.1,11.99
678,5,12,1,154.5,7.66,46.7,10.16
679,6,12,1,154,7.64,45.8,10.38
680,7,12,1,153.6,8.32,45.6,10.29
681,8,12,1,153,7.83,45,10.14
682,9,12,1,153,7.76,45.6,10.83
683,10,12,1,152.8,7.81,44.5,10.15
684,11,12,1,152.5,7.93,43.7,9.5
685,12,12,1,152.6,7.9,43.7,9.53
686,13,12,1,153.3,8,44.1,8.98
687,14,12,1,153.7,8.38,45.1,11.28
688,15,12,1,153.3,8.1,44.4,9.88
689,16,12,1,153.6,8.04,45,9.4
690,17,12,1,153.6,8.13,45,10.38
691,18,12,1,153.3,7.67,45.3,9.77
692,19,12,1,152.8,8.14,44.8,10.75
693,20,12,1,152.2,8.19,43.8,9.78
694,21,12,1,152.6,7.74,44.2,9.78
695,22,12,1,151.8,7.62,42.8,8.75
696,23,12,1,152.3,7.76,43.4,9.93
697,24,12,1,152.6,8.04,44.1,10.06
698,25,12,1,151.8,8,42.4,9
699,26,12,1,152.6,8.14,42.9,9.3
700,27,12,1,152.6,8.46,43.8,10.12
701,28,12,1,151.9,7.98,42.5,9.34
702,29,12,1,153.5,7.93,44.6,9.52
703,30,12,1,152.3,8.1,43.7,9.78
704,31,12,1,152.1,7.98,43.3,8.58
705,32,12,1,151.5,7.89,42.4,8.28
706,33,12,1,152.3,7.78,44.1,10.01
707,34,12,1,151.9,7.59,44.4,9.81
708,35,12,1,151.6,7.89,42.9,8.81
709,36,12,1,153,7.86,45.2,10.14
710,37,12,1,152.6,7.56,44.5,8.76
711,38,12,1,152,8,44.7,10.01
712,39,12,1,151.6,7.94,44,10.1
713,40,12,1,152.2,7.94,44,9.54
714,41,12,1,152.2,8.36,45,10.21
715,42,12,1,153.3,8.13,45.1,10.37
716,43,12,1,152.9,7.9,44.8,9.7
717,44,12,1,151.8,7.97,44.1,10.12
718,45,12,1,151.8,7.68,43.7,8.79
719,46,12,1,151.9,7.56,43.7,8.91
720,47,12,1,152.3,7.94,45.1,10.14
721,0,12,2,151.9,5.89,43.8,8
722,1,12,2,152.3,5.66,44.5,8.76
723,2,12,2,152.8,5.9,45.9,9.23
724,3,12,2,152,5.53,45.2,8.26
725,4,12,2,152.3,5.72,45.7,9.28
726,5,12,2,153.2,5.57,45.4,8.55
727,6,12,2,152.2,5.89,44.7,8.62
728,7,12,2,151.5,5.69,44.5,8.11
729,8,12,2,152,5.72,44.7,8.05
730,9,12,2,151.3,5.77,44.2,8.52
731,10,12,2,151.7,6.04,44,8.57
732,11,12,2,152.1,5.62,44.3,7.89
733,12,12,2,152.1,5.78,43.7,7.9
734,13,12,2,152,6.05,43.2,7.54
735,14,12,2,152.4,5.95,43.5,7.87
736,15,12,2,152.8,5.74,44.1,7.4
737,16,12,2,151.9,5.73,43.8,7.84
738,17,12,2,152.1,5.68,43.8,7.28
739,18,12,2,152.4,6.09,44,7.73
740,19,12,2,151.4,5.67,44.1,8.14
741,20,12,2,151.5,6.09,43.9,8.02
742,21,12,2,151.7,5.82,43.5,7.65
743,22,12,2,151.5,6.1,43.4,7.61
744,23,12,2,151.3,6,43.2,7.8
745,24,12,2,152.1,6.06,43.9,8.07
746,25,12,2,151.7,5.91,42.9,7.54
747,26,12,2,151.9,5.95,42.9,7.38
748,27,12,2,152,6,43.5,7.99
749,28,12,2,151.6,5.88,43.1,7.58
750,29,12,2,152.1,5.82,43.2,7.32
751,30,12,2,152,5.92,44.2,7.91
752,31,12,2,151.4,5.78,43.2,7.57
753,32,12,2,151.2,5.74,43.3,7.45
754,33,12,2,151.2,6.12,43.7,8.09
755,34,12,2,151.1,5.88,43.6,7.82
756,35,12,2,151,5.71,43.3,7.81
757,36,12,2,151.5,5.7,44.2,7.87
758,37,12,2,151.2,5.56,44.3,7.88
759,38,12,2,151,5.73,43.7,7.78
760,39,12,2,151.6,5.76,44.7,7.7
761,40,12,2,152.1,5.83,44.5,8.79
762,41,12,2,151.5,5.61,44.6,7.6
763,42,12,2,151.5,5.85,44.2,8.11
764,43,12,2,151.6,6.02,44.3,8.46
765,44,12,2,151.5,5.85,44,7.64
766,45,12,2,151.3,5.93,45.1,8.37
767,46,12,2,151.5,6.03,44.1,8.29
768,47,12,2,151.2,5.77,44.6,7.84
769,0,13,1,160,7.62,49.2,10.16
770,1,13,1,160.3,7.43,50.7,11.38
771,2,13,1,161.5,7.53,52,10.87
772,3,13,1,160.7,7.19,51.8,10.75
773,4,13,1,160.9,7.44,51.3,11.21
774,5,13,1,161.7,7.26,51.6,10.66
775,6,13,1,161.4,7.34,51,10.34
776,7,13,1,160.5,7.39,50.3,10.95
777,8,13,1,160.1,7.39,49.5,10.81
778,9,13,1,159.2,7.74,48.9,10.42
779,10,13,1,160,7.71,49.2,10.11
780,11,13,1,159.5,7.98,48.7,10.33
781,12,13,1,160.3,7.86,49.3,10.03
782,13,13,1,160.5,7.43,49.8,10.38
783,14,13,1,160.8,7.71,49.1,9.75
784,15,13,1,160.8,7.79,49.4,9.71
785,16,13,1,161.1,7.43,50.2,10.29
786,17,13,1,160.2,7.66,48.8,9.35
787,18,13,1,160.6,7.42,49.2,9.58
788,19,13,1,159.3,7.73,48.8,10.17
789,20,13,1,159.8,7.68,49.7,10.68
790,21,13,1,159.3,7.44,48.5,9.57
791,22,13,1,160.1,7.8,49,10.43
792,23,13,1,159.4,7.67,48.5,10
793,24,13,1,160.4,7.49,49.6,10.2
794,25,13,1,159.5,8.27,47.6,9.06
795,26,13,1,159.7,8.1,48.4,10
796,27,13,1,160.5,7.49,49,9.55
797,28,13,1,159.5,7.27,47.7,9.49
798,29,13,1,160.1,7.8,48.9,9.76
799,30,13,1,160,7.96,49.7,10.52
800,31,13,1,159.8,7.33,48.6,9.17
801,32,13,1,159.3,7.53,48.1,9.49
802,33,13,1,159.2,7.39,49.1,10.48
803,34,13,1,159.1,7.65,48.9,9.92
804,35,13,1,158.9,7.38,48.7,10.05
805,36,13,1,159.6,7.45,50.2,10.55
806,37,13,1,159.4,7.31,49.5,9.38
807,38,13,1,159.6,7.29,49.5,10.25
808,39,13,1,159,8,48.7,9.73
809,40,13,1,159.8,7.52,48.9,9.71
810,41,13,1,159.2,7.77,49.5,10.87
811,42,13,1,159.3,7.32,48.8,9.54
812,43,13,1,159.6,7.27,49,9.64
813,44,13,1,159.5,7.37,48.9,10.26
814,45,13,1,158.9,7.53,49.3,10.75
815,46,13,1,159.1,7.53,48.9,9.99
816,47,13,1,159.7,7.27,49.7,9.9
817,0,13,2,154.8,5.48,47.3,7.65
818,1,13,2,154.9,5.79,48.4,9.28
819,2,13,2,155.7,5.46,48.8,8.48
820,3,13,2,154.9,5.32,47.9,7.7
821,4,13,2,155.2,5.19,48.2,8.27
822,5,13,2,155.7,5.21,49,7.79
823,6,13,2,155.1,5.4,47.9,7.57
824,7,13,2,154.8,5.24,49,8.37
825,8,13,2,155.2,5.34,48.3,8.08
826,9,13,2,154.7,5.55,48,8.13
827,10,13,2,154.6,5.54,48,8.4
828,11,13,2,154.8,5.44,47,7.65
829,12,13,2,155.2,5.31,47.3,7.4
830,13,13,2,155.6,5.47,47.2,7.27
831,14,13,2,154.9,5.85,46.8,7.22
832,15,13,2,155.5,5.36,47.7,7.76
833,16,13,2,155.2,5.24,47.8,7.56
834,17,13,2,155.6,5.31,47.7,7.38
835,18,13,2,155.3,5.35,47.5,7.58
836,19,13,2,154.8,5.83,47.8,7.88
837,20,13,2,154.3,5.55,46.7,7.34
838,21,13,2,155.1,5.46,47.6,7.93
839,22,13,2,154.8,5.65,47.2,7.53
840,23,13,2,154.4,5.7,46.7,7.6
841,24,13,2,155.2,5.26,47,7.36
842,25,13,2,154.9,5.54,46.4,7.48
843,26,13,2,154.6,5.25,46.5,7.19
844,27,13,2,154.4,5.32,46.6,7.48
845,28,13,2,154.7,5.55,46.4,7.06
846,29,13,2,155.2,5.2,47.1,6.81
847,30,13,2,154.7,5.39,47.2,7.55
848,31,13,2,154.5,5.64,46.8,7.47
849,32,13,2,153.8,5.38,46.9,7.15
850,33,13,2,154.9,4.92,47.6,7.85
851,34,13,2,153.9,5.56,46.8,7.1
852,35,13,2,154,5.07,47,7.48
853,36,13,2,154.7,5.59,48.3,8.32
854,37,13,2,154.2,5.12,47.7,7.45
855,38,13,2,153.8,5.19,47.4,7.35
856,39,13,2,154.2,5.62,47.8,8.78
857,40,13,2,154.8,5.36,47.3,7.5
858,41,13,2,154.4,5.59,47.8,7.29
859,42,13,2,154.7,5.13,48.5,7.91
860,43,13,2,154.3,5.64,47.5,7.55
861,44,13,2,154.5,5.54,48.2,8.07
862,45,13,2,153.9,5.34,47.8,8.23
863,46,13,2,154.3,5.13,47.3,7.07
864,47,13,2,153.5,5.25,47.6,8.08
865,0,14,1,165.4,6.72,54.1,10.08
866,1,14,1,166.1,6.36,55.2,10.86
867,2,14,1,166.7,6.22,57.4,11.62
868,3,14,1,166.1,6.21,55.7,10.12
869,4,14,1,165.9,6.77,55.8,11.19
870,5,14,1,166.9,6.37,56.2,9.89
871,6,14,1,166.1,6.37,54.9,9.69
872,7,14,1,164.8,7.4,53.7,10.6
873,8,14,1,165.3,6.5,54.9,10.59
874,9,14,1,164.9,6.69,54.2,10.02
875,10,14,1,165.2,6.67,54.2,10.14
876,11,14,1,165.2,6.85,53.8,9.78
877,12,14,1,165.4,6.96,54.1,10.65
878,13,14,1,165.9,6.61,54.6,10.6
879,14,14,1,166.4,6.58,54.2,9.4
880,15,14,1,166,6.97,54.6,10.17
881,16,14,1,166.2,6.72,55.1,10.09
882,17,14,1,166,6.68,54.7,9.77
883,18,14,1,166,6.41,54.1,9.33
884,19,14,1,165.4,6.3,55.6,10.66
885,20,14,1,165.1,6.86,53.4,9.63
886,21,14,1,164.9,6.55,53.3,9.08
887,22,14,1,165.2,6.4,53.6,9.48
888,23,14,1,164.8,6.55,53.3,9.63
889,24,14,1,165.2,6.99,53.7,9.86
890,25,14,1,165.7,6.64,53.9,9.94
891,26,14,1,165.4,6.99,52.9,9.77
892,27,14,1,165.3,6.99,53.9,10.32
893,28,14,1,164.7,6.93,52.6,9.62
894,29,14,1,165.6,6.5,53.7,9.23
895,30,14,1,164.9,6.66,53.5,9.19
896,31,14,1,165.5,6.58,53.9,9.66
897,32,14,1,165,6.32,53.1,8.79
898,33,14,1,165.1,6.56,54.2,11.08
899,34,14,1,164.2,6.99,53.7,10.45
900,35,14,1,164.9,6.61,53.6,9.85
901,36,14,1,164.9,6.38,55.6,9.76
902,37,14,1,164.6,6.33,53.9,9.06
903,38,14,1,164.7,6.25,54,9.56
904,39,14,1,164.6,6.67,55.3,11.15
905,40,14,1,164.9,6.95,53.7,10.35
906,41,14,1,164.9,6.27,53.7,8.71
907,42,14,1,165.5,6.25,54.5,9.25
908,43,14,1,164.8,6.49,54.1,9.82
909,44,14,1,164.8,6.64,54.1,10.46
910,45,14,1,164.4,6.73,54.1,9.71
911,46,14,1,164.5,6.59,53.6,9.29
912,47,14,1,164.2,6.37,54,9.51
913,0,14,2,156.5,5.32,50.1,7.51
914,1,14,2,156.4,5.23,50.6,8.33
915,2,14,2,156.8,5.2,51.9,8.27
916,3,14,2,156.5,5.03,51.5,7.73
917,4,14,2,156.5,5.16,50.4,7.34
918,5,14,2,157.2,5.36,51.3,7.33
919,6,14,2,156.9,5.39,50.6,7.4
920,7,14,2,156.2,5.27,50.7,7.74
921,8,14,2,156.3,5.42,50.3,7.67
922,9,14,2,156,5.31,50.5,7.94
923,10,14,2,156.4,5.43,50.1,7.69
924,11,14,2,156.6,5.25,50.2,7.17
925,12,14,2,156.9,5.02,50.1,7.33
926,13,14,2,156.9,5.23,49.9,7.42
927,14,14,2,157.2,5.53,49.8,7.32
928,15,14,2,156.9,5.42,50.8,8.39
929,16,14,2,156.9,5.15,50.1,7.07
930,17,14,2,157.2,5.41,50.8,7.28
931,18,14,2,157.1,5.2,50.3,7.38
932,19,14,2,156.1,5.24,49.9,7.48
933,20,14,2,156.3,5.25,49.7,7.48
934,21,14,2,156.2,5.42,49.7,7.44
935,22,14,2,156.5,5.15,49.8,7.12
936,23,14,2,156.4,5.32,49.6,7.32
937,24,14,2,156.6,5.15,49.4,7.14
938,25,14,2,156.6,5.59,49.2,6.94
939,26,14,2,156.9,5.24,49.5,6.83
940,27,14,2,156.4,5.44,49.8,8.13
941,28,14,2,156.4,5.38,49.8,7.57
942,29,14,2,156.7,5.36,49.9,6.91
943,30,14,2,156.1,5.17,50.1,7.12
944,31,14,2,156.5,5.29,50.5,7.52
945,32,14,2,155.5,5.58,49.5,7.11
946,33,14,2,156,5.39,50.3,7.96
947,34,14,2,155.6,5.27,49.8,7.18
948,35,14,2,156,5.32,49.7,6.85
949,36,14,2,155.6,5.32,50.3,7.47
950,37,14,2,155.8,5.47,50.1,7.42
951,38,14,2,155.6,5.43,50.1,7.51
952,39,14,2,155.9,5.01,50.4,7.26
953,40,14,2,156.1,5.24,50.1,7.29
954,41,14,2,155.8,5.18,50,7.41
955,42,14,2,156.6,5.49,50.7,7.6
956,43,14,2,156.3,5.28,50.2,7.39
957,44,14,2,155.9,5.12,50.6,7.74
958,45,14,2,156.2,5.15,51,8.07
959,46,14,2,156.3,5.44,50.2,7.49
960,47,14,2,155.1,5.4,49.4,7.62
961,0,15,1,168.3,5.93,58.8,10.89
962,1,15,1,169,6.07,60.1,12.36
963,2,15,1,168.7,5.25,60,12.41
964,3,15,1,168.5,6.14,59.4,10.81
965,4,15,1,168.4,5.47,60.8,12.57
966,5,15,1,169.3,5.83,61.9,11.69
967,6,15,1,168.8,6.01,60.8,12.08
968,7,15,1,168,5.75,59.4,11.51
969,8,15,1,168.2,5.91,59.7,11.32
970,9,15,1,168.3,6.06,60.2,12.87
971,10,15,1,168.7,6.01,59.6,10.54
972,11,15,1,168.3,5.66,58.9,10.83
973,12,15,1,168.4,6.34,58.8,11.59
974,13,15,1,168.9,6.03,57.7,9.52
975,14,15,1,168.5,5.91,57.8,9.82
976,15,15,1,168.5,6.06,59.8,11.54
977,16,15,1,169.4,5.89,59.2,9.4
978,17,15,1,168.2,5.58,59.5,11.87
979,18,15,1,169.3,5.5,59.6,9.64
980,19,15,1,168.9,5.8,59.8,10.51
981,20,15,1,167.7,6.05,58.2,11.17
982,21,15,1,167.3,5.82,57.4,9.62
983,22,15,1,168.4,5.92,58.6,11.49
984,23,15,1,168.2,5.8,57.4,9.21
985,24,15,1,168.1,6.28,58.4,10.9
986,25,15,1,169.4,6.13,59.5,10.8
987,26,15,1,168.3,6.14,58.1,10.46
988,27,15,1,168.8,5.44,60.1,12.81
989,28,15,1,168.5,5.64,59.1,10.65
990,29,15,1,168.2,5.81,58,9.28
991,30,15,1,168.7,5.89,59.7,11.29
992,31,15,1,168.4,5.73,57.6,9.81
993,32,15,1,167.2,6.14,58.1,11.18
994,33,15,1,168,6.33,58.1,10.41
995,34,15,1,167.5,5.51,57.9,10.05
996,35,15,1,167,6.28,57.3,9.48
997,36,15,1,168.4,6.14,60.7,11.13
998,37,15,1,167.6,6.05,58.9,10.58
999,38,15,1,167.7,5.71,58.6,10.04
1000,39,15,1,167.3,6.16,59.3,12.21
1001,40,15,1,167.6,6.45,58.3,11.15
1002,41,15,1,167.5,5.92,58.1,10.54
1003,42,15,1,168.1,6.32,59.9,10.5
1004,43,15,1,168.2,5.88,58.9,10.19
1005,44,15,1,167.6,5.83,59.6,11.35
1006,45,15,1,167.6,5.65,59.8,10.95
1007,46,15,1,167.7,5.71,57.5,9.56
1008,47,15,1,166.9,5.96,58.1,9.6
1009,0,15,2,157.2,5.33,51.7,7.67
1010,1,15,2,157.8,5.19,52.3,7.97
1011,2,15,2,157.6,5.44,53.5,8.8
1012,3,15,2,156.6,4.94,53,8.54
1013,4,15,2,157,5.26,52.3,8.38
1014,5,15,2,157.3,5.31,52.5,8.54
1015,6,15,2,157.1,5.1,52.8,8.59
1016,7,15,2,156.6,5.16,52.5,7.62
1017,8,15,2,157.1,5.21,53.1,7.89
1018,9,15,2,156.8,4.99,52.5,7.57
1019,10,15,2,156.9,5.2,51.9,7.57
1020,11,15,2,157.6,5.39,51.9,7.58
1021,12,15,2,157.3,5.27,51.6,7.5
1022,13,15,2,158,5.62,51.3,7.51
1023,14,15,2,157.6,5.28,52.1,8.16
1024,15,15,2,157.7,5.27,52.5,8.48
1025,16,15,2,158.4,4.72,52.2,7.16
1026,17,15,2,157.8,5.32,52.7,8.79
1027,18,15,2,157.1,5.45,51.9,7.57
1028,19,15,2,156.6,5.15,51.2,7.52
1029,20,15,2,157.3,5.5,51.4,7.6
1030,21,15,2,156.7,5.03,51.3,7.16
1031,22,15,2,156.9,5.32,51.6,8.41
1032,23,15,2,157.1,5,51.2,6.72
1033,24,15,2,156.8,5.42,51.2,8.07
1034,25,15,2,157.1,5.48,51.6,7.82
1035,26,15,2,157.8,5.19,51.3,7.24
1036,27,15,2,157.9,5.32,51.2,7.28
1037,28,15,2,157.3,5.11,51.2,7.14
1038,29,15,2,157.1,4.97,50.9,7
1039,30,15,2,156.2,5.45,51.8,7.96
1040,31,15,2,157,4.77,51,7.34
1041,32,15,2,156.7,5.86,51.6,7.3
1042,33,15,2,156.9,5.53,51.7,7.72
1043,34,15,2,156.3,5.73,50.8,7.3
1044,35,15,2,156.4,5.71,51,7.17
1045,36,15,2,156.4,5.41,52.4,9.3
1046,37,15,2,156.7,5.37,51.6,7.99
1047,38,15,2,156.6,5.39,51.7,7.3
1048,39,15,2,156.4,5.05,52.1,7.82
1049,40,15,2,156.6,5.16,51.1,7.52
1050,41,15,2,156.4,4.74,51.9,6.84
1051,42,15,2,156.3,5.34,52.2,7.86
1052,43,15,2,157,5.17,51.9,6.96
1053,44,15,2,156.4,5.77,52.4,8.69
1054,45,15,2,156.4,5.09,51.7,6.67
1055,46,15,2,156.4,4.93,51,8.59
1056,47,15,2,155.1,5.33,50.3,7.41
1057,0,16,1,169.9,5.85,60.7,10.31
1058,1,16,1,170.5,5.92,61.5,10.55
1059,2,16,1,170.3,5.59,62.5,10.3
1060,3,16,1,169.7,5.6,62.2,11.6
1061,4,16,1,170.4,5.85,62,10.87
1062,5,16,1,170.2,5.75,63.5,11.17
1063,6,16,1,170.1,5.93,62.2,10.82
1064,7,16,1,169.4,5.51,62.7,11.67
1065,8,16,1,170,5.66,61.3,10.62
1066,9,16,1,169.9,5.83,61.4,10.73
1067,10,16,1,170,5.46,60.1,9.95
1068,11,16,1,170.2,5.78,60.9,9.99
1069,12,16,1,169.5,5.78,60.1,10.09
1070,13,16,1,170.2,6.23,60.1,10.18
1071,14,16,1,170.4,5.67,60.9,10.67
1072,15,16,1,170.2,5.79,62,10.96
1073,16,16,1,170.6,5.52,61.3,10.02
1074,17,16,1,170.2,5.9,61.7,10.41
1075,18,16,1,170.4,6.13,60.8,9.36
1076,19,16,1,170.1,6.05,61.7,11.6
1077,20,16,1,169.3,5.74,59.5,8.92
1078,21,16,1,169.5,5.96,59.8,9.79
1079,22,16,1,169.7,5.64,60.5,11.03
1080,23,16,1,169.6,5.75,59.4,9.47
1081,24,16,1,169.3,5.91,60.7,10.47
1082,25,16,1,170.1,6.01,60.2,10.06
1083,26,16,1,170.3,5.84,60.7,9.58
1084,27,16,1,170.5,5.86,60.9,10.05
1085,28,16,1,170,5.96,60.3,9.85
1086,29,16,1,170,5.61,59.6,8.71
1087,30,16,1,169.7,5.93,61.4,10.98
1088,31,16,1,169.3,5.47,59.9,9.86
1089,32,16,1,169.5,6.15,60.4,9.23
1090,33,16,1,169.1,5.86,60.2,10.79
1091,34,16,1,169.4,5.91,59.8,9.63
1092,35,16,1,168.9,6.02,59.9,10.01
1093,36,16,1,169.9,5.97,60.9,11.36
1094,37,16,1,168.8,6.17,59.7,9.71
1095,38,16,1,169.1,5.62,60.4,9.32
1096,39,16,1,168.6,5.32,59.7,9.44
1097,40,16,1,169.6,5.7,61,11.07
1098,41,16,1,169.6,6.21,61.4,10.01
1099,42,16,1,169.5,5.68,61.9,11.1
1100,43,16,1,169.5,5.49,60.2,10.84
1101,44,16,1,169.4,5.74,60.1,12
1102,45,16,1,168.9,5.57,61.5,10.46
1103,46,16,1,169.5,5.65,60.3,9.08
1104,47,16,1,168.5,5.62,60.7,10.13
1105,0,16,2,157.7,5.37,52.7,7.59
1106,1,16,2,158.2,5.36,52.8,7.85
1107,2,16,2,158.5,5.19,53.5,7.77
1108,3,16,2,157.6,5.4,53.4,7.91
1109,4,16,2,157.2,5.25,53,8.28
1110,5,16,2,158.4,4.99,54.5,7.88
1111,6,16,2,158.7,5.5,54.3,8.34
1112,7,16,2,157.4,5.41,53.8,8.15
1113,8,16,2,157.5,5.61,53.1,8.07
1114,9,16,2,157,5.16,52.9,7.28
1115,10,16,2,157.5,5.37,53.1,7.87
1116,11,16,2,157.7,5.13,52.6,7.37
1117,12,16,2,157.8,5.21,52.7,7.97
1118,13,16,2,158.3,5.44,52.5,7.33
1119,14,16,2,157.9,5.74,53.1,8.07
1120,15,16,2,158.2,5.26,53.3,8.05
1121,16,16,2,158,5.01,53.2,7.05
1122,17,16,2,158.4,5.38,53.3,7.63
1123,18,16,2,158,5.41,52.7,7.33
1124,19,16,2,157.5,5.12,52.5,7.64
1125,20,16,2,157.3,5.03,52.5,6.9
1126,21,16,2,157.2,5.34,52.3,7.14
1127,22,16,2,157.1,5.35,52.2,7.53
1128,23,16,2,157.4,5.14,51.9,6.57
1129,24,16,2,157.4,5.39,52.9,7.83
1130,25,16,2,158.1,4.96,52.8,7.73
1131,26,16,2,158,5.65,51.7,6.81
1132,27,16,2,158.2,5.44,52.4,7.47
1133,28,16,2,157.2,5.35,52.4,6.71
1134,29,16,2,157.6,4.81,53,7.16
1135,30,16,2,157.5,5.1,53.3,7.92
1136,31,16,2,157.7,5.32,52.9,8.21
1137,32,16,2,156.7,5.06,52.2,7.76
1138,33,16,2,157.7,5.09,53.2,7.8
1139,34,16,2,157.5,5.13,52.7,7.51
1140,35,16,2,156.9,5.5,52.6,7.76
1141,36,16,2,157.4,5.35,53.2,7.35
1142,37,16,2,156.9,5.48,52.4,7.73
1143,38,16,2,156.5,5.1,52.2,7.08
1144,39,16,2,156.5,5.68,52.8,8.65
1145,40,16,2,157.5,5.4,52.3,7.55
1146,41,16,2,157.1,5.11,54.1,9.06
1147,42,16,2,157.9,5.68,53.7,8.64
1148,43,16,2,157.3,5.21,52.5,7.73
1149,44,16,2,157.1,5.72,52.4,8.2
1150,45,16,2,157.3,5.21,54.3,8.92
1151,46,16,2,157.5,5.34,52.1,7.22
1152,47,16,2,155.5,5.26,51.4,7.32
1153,0,17,1,170.6,5.87,62.5,10.64
1154,1,17,1,170.6,5.67,63.4,10.48
1155,2,17,1,171,6.18,65.5,12.17
1156,3,17,1,171.3,5.65,64.1,10.27
1157,4,17,1,170.5,5.72,63.5,12.39
1158,5,17,1,171.6,5.94,65.4,11.42
1159,6,17,1,170.6,5.66,64.4,10.52
1160,7,17,1,169.7,5.57,63.8,12.05
1161,8,17,1,170.3,6.22,63.6,11.36
1162,9,17,1,170.4,5.55,62.5,9.45
1163,10,17,1,170.6,5.6,62.7,10.01
1164,11,17,1,170.6,5.48,62.1,9.75
1165,12,17,1,170.9,6.14,63.3,11.96
1166,13,17,1,171.6,6.03,62.4,10.95
1167,14,17,1,170.8,5.9,61.9,11.46
1168,15,17,1,171.2,5.96,62.4,10.66
1169,16,17,1,171.3,6.19,62,9.14
1170,17,17,1,171.5,5.75,64.5,9.91
1171,18,17,1,171.7,6.21,64,11.27
1172,19,17,1,170.5,5.61,63,11.87
1173,20,17,1,170.3,5.75,61.9,10.44
1174,21,17,1,170.8,5.69,62.3,9.75
1175,22,17,1,170.2,6.05,60.6,10.75
1176,23,17,1,170.5,5.92,61.5,10.28
1177,24,17,1,170.9,6.27,62.5,10.3
1178,25,17,1,170.8,5.89,62.4,9.93
1179,26,17,1,170.6,5.66,62.3,10.74
1180,27,17,1,170.5,5.92,62.8,10.79
1181,28,17,1,170.5,5.64,61.7,9.5
1182,29,17,1,170.5,5.45,62,9.8
1183,30,17,1,171.2,5.77,63.8,11.41
1184,31,17,1,171.1,5.75,62.4,9.92
1185,32,17,1,170.3,5.79,62.5,9.69
1186,33,17,1,169.9,6.37,62.1,10.89
1187,34,17,1,170.4,5.59,62.3,9.53
1188,35,17,1,170.3,6.06,62.4,11.2
1189,36,17,1,170.1,5.85,62.2,9.6
1190,37,17,1,169.9,5.77,62.8,11.14
1191,38,17,1,169.7,5.77,61.7,10.06
1192,39,17,1,169.7,5.31,62.1,9.76
1193,40,17,1,170.7,5.58,62.6,9.45
1194,41,17,1,170.2,5.98,62.8,9.96
1195,42,17,1,171,5.63,63.1,10.19
1196,43,17,1,170.1,5.78,62.1,9.58
1197,44,17,1,169.5,5.96,63.3,11.66
1198,45,17,1,170,5.88,63.4,10.12
1199,46,17,1,169.9,5.95,62,9.54
1200,47,17,1,168.6,5.98,61.6,11.2
1201,0,17,2,157.9,5.34,53,7.72
1202,1,17,2,158.2,5.28,53.4,8.73
1203,2,17,2,157.8,5.7,54.1,8.15
1204,3,17,2,157.9,5.3,54.8,8.95
1205,4,17,2,157.6,5.33,53.8,8.82
1206,5,17,2,158.2,5.46,53.1,7.34
1207,6,17,2,158.3,5.71,54.2,7.87
1208,7,17,2,157.7,5.32,54,8.12
1209,8,17,2,157.8,5.25,53.5,8.16
1210,9,17,2,157.4,5.27,53.4,7.31
1211,10,17,2,157.6,5.17,52.9,7.24
1212,11,17,2,158.2,5.53,53.5,7.41
1213,12,17,2,158.6,5.76,53.9,7.95
1214,13,17,2,158.6,5.28,52.8,7.43
1215,14,17,2,158,5.36,53.3,8.67
1216,15,17,2,157.9,5.43,53.2,7.59
1217,16,17,2,158,5.19,52.6,6.69
1218,17,17,2,158.8,5.28,53.8,8.16
1219,18,17,2,158.6,5.56,54.4,7.6
1220,19,17,2,157.8,5.34,53.5,8.56
1221,20,17,2,157.5,5.24,52.4,7.58
1222,21,17,2,157.5,5.7,52.2,6.94
1223,22,17,2,158,5.45,52.7,7.59
1224,23,17,2,157.5,5.03,52.3,7.43
1225,24,17,2,157.9,5.52,53.4,7.21
1226,25,17,2,158.1,5.12,52.7,7.18
1227,26,17,2,158.4,5.2,52.7,8.02
1228,27,17,2,158,5.23,52.3,7.26
1229,28,17,2,157.7,5.13,52.9,7.36
1230,29,17,2,158,5.43,53.1,8.25
1231,30,17,2,158.1,5.61,53.2,7.64
1232,31,17,2,157.8,4.94,52.4,7.34
1233,32,17,2,156.9,5.58,52.1,7.46
1234,33,17,2,157.1,5.08,52,7.23
1235,34,17,2,157.4,5.07,51.9,7.1
1236,35,17,2,157.2,5.13,52.6,7.06
1237,36,17,2,157.4,5.18,53.7,8.17
1238,37,17,2,156.8,5.34,53,7.98
1239,38,17,2,156.8,5.31,52.7,7.43
1240,39,17,2,156.9,5.23,52.6,7.53
1241,40,17,2,157.1,5.41,52.1,7.44
1242,41,17,2,157.1,5.4,52.9,7.81
1243,42,17,2,158,5.47,53.8,7.64
1244,43,17,2,156.9,5.05,52.5,7.32
1245,44,17,2,156.8,5.33,52.4,7.34
1246,45,17,2,157.1,4.96,53.5,7.52
1247,46,17,2,158,5.16,53.4,7.35
1248,47,17,2,156.8,5.38,52.5,8.28
